{"cameraMode":{"drawMode":0,"name":"Shaded","section":"Shading Mode"},"sceneLighting":false,"audioPlay":false,"sceneViewState":{"showFog":true,"showMaterialUpdate":false,"showSkybox":false,"showFlares":true,"showImageEffects":true,"showParticleSystems":true},"in2DMode":false,"pivot":{"x":-1.1285890340805054,"y":-0.5841678380966187,"z":70.67469787597656},"rotation":{"x":-0.44738197326660159,"y":0.4153023660182953,"z":-0.24696649610996247,"w":-0.7526142597198486},"size":38.0755729675293,"orthographic":false}