{"cameraMode":{"drawMode":0,"name":"Shaded","section":"Shading Mode"},"sceneLighting":true,"audioPlay":false,"sceneViewState":{"showFog":true,"showMaterialUpdate":false,"showSkybox":true,"showFlares":true,"showImageEffects":true,"showParticleSystems":true},"in2DMode":false,"pivot":{"x":71.03596496582031,"y":279.7230529785156,"z":280.59991455078127},"rotation":{"x":0.052535075694322589,"y":0.9114780426025391,"z":-0.3890804946422577,"w":0.12292727828025818},"size":44.736515045166019,"orthographic":false}