{"cameraMode":{"drawMode":0,"name":"Shaded","section":"Shading Mode"},"sceneLighting":false,"audioPlay":false,"sceneViewState":{"showFog":true,"showMaterialUpdate":false,"showSkybox":false,"showFlares":true,"showImageEffects":true,"showParticleSystems":true},"in2DMode":false,"pivot":{"x":1.9997074604034424,"y":0.6598891615867615,"z":-0.006219744682312012},"rotation":{"x":-0.10533556342124939,"y":0.6940569877624512,"z":-0.10384566336870194,"w":-0.7045893669128418},"size":5.894197940826416,"orthographic":false}