{"cameraMode":{"drawMode":0,"name":"Shaded","section":"Shading Mode"},"sceneLighting":false,"audioPlay":false,"sceneViewState":{"showFog":true,"showMaterialUpdate":false,"showSkybox":false,"showFlares":true,"showImageEffects":true,"showParticleSystems":true},"in2DMode":false,"pivot":{"x":11.996545791625977,"y":0.8304365277290344,"z":-0.05237281322479248},"rotation":{"x":-0.07869673520326615,"y":0.7730309367179871,"z":-0.0979255810379982,"w":-0.6218377351760864},"size":6.2097930908203129,"orthographic":false}