{"cameraMode":{"drawMode":0,"name":"Shaded","section":"Shading Mode"},"sceneLighting":false,"audioPlay":false,"sceneViewState":{"showFog":true,"showMaterialUpdate":false,"showSkybox":false,"showFlares":true,"showImageEffects":true,"showParticleSystems":true},"in2DMode":false,"pivot":{"x":-0.9762032628059387,"y":-2.280954360961914,"z":35.821075439453128},"rotation":{"x":-0.1470205932855606,"y":0.02640318125486374,"z":-0.003926925361156464,"w":-0.9887748956680298},"size":71.74948120117188,"orthographic":false}