{"cameraMode":{"drawMode":0,"name":"Shaded","section":"Shading Mode"},"sceneLighting":false,"audioPlay":false,"sceneViewState":{"showFog":true,"showMaterialUpdate":false,"showSkybox":false,"showFlares":true,"showImageEffects":true,"showParticleSystems":true},"in2DMode":false,"pivot":{"x":-0.08572793751955033,"y":-2.547494888305664,"z":86.72427368164063},"rotation":{"x":-0.10212903469800949,"y":-0.005375106353312731,"z":0.00054993259254843,"w":-0.9947597980499268},"size":27.569171905517579,"orthographic":false}