{"cameraMode":{"drawMode":0,"name":"Shaded","section":"Shading Mode"},"sceneLighting":false,"audioPlay":false,"sceneViewState":{"showFog":true,"showMaterialUpdate":false,"showSkybox":false,"showFlares":true,"showImageEffects":true,"showParticleSystems":true},"in2DMode":false,"pivot":{"x":5.152108192443848,"y":13.1499605178833,"z":8.768310546875},"rotation":{"x":0.20641513168811799,"y":0.0023445601109415294,"z":-0.0004868729447480291,"w":0.9784741997718811},"size":46.192359924316409,"orthographic":false}