{"cameraMode":{"drawMode":0,"name":"Shaded","section":"Shading Mode"},"sceneLighting":false,"audioPlay":false,"sceneViewState":{"showFog":true,"showMaterialUpdate":false,"showSkybox":false,"showFlares":true,"showImageEffects":true,"showParticleSystems":true},"in2DMode":false,"pivot":{"x":0.4914643168449402,"y":1.693774700164795,"z":5.485437870025635},"rotation":{"x":-0.050074685364961627,"y":-0.024271389469504358,"z":0.0012169989058747888,"w":-0.9984498023986816},"size":9.381780624389649,"orthographic":false}