{"cameraMode":{"drawMode":0,"name":"Shaded","section":"Shading Mode"},"sceneLighting":false,"audioPlay":false,"sceneViewState":{"showFog":true,"showMaterialUpdate":false,"showSkybox":false,"showFlares":true,"showImageEffects":true,"showParticleSystems":true},"in2DMode":false,"pivot":{"x":-0.9083638191223145,"y":0.009806632995605469,"z":3.323251724243164},"rotation":{"x":-0.07815148681402207,"y":-0.429254949092865,"z":0.037314124405384067,"w":-0.8990218043327332},"size":3.9687397480010988,"orthographic":false}