{"cameraMode":{"drawMode":0,"name":"Shaded","section":"Shading Mode"},"sceneLighting":false,"audioPlay":false,"sceneViewState":{"showFog":true,"showMaterialUpdate":false,"showSkybox":false,"showFlares":true,"showImageEffects":true,"showParticleSystems":true},"in2DMode":false,"pivot":{"x":0.0000017881393432617188,"y":1.4794957637786866,"z":20.731632232666017},"rotation":{"x":-0.3964948356151581,"y":0.007693764753639698,"z":-0.0033233636058866979,"w":-0.917998731136322},"size":5.024961471557617,"orthographic":false}